top-left-square,top-middle-square,top-right-square,middle-left-square,middle-middle-square,middle-right-square,bottom-left-square,bottom-middle-square,bottom-right-square,Class,Microsegmento_Descubierto
x,x,x,x,o,o,x,o,o,positive,Segmento 153
x,x,x,x,o,o,o,x,o,positive,Segmento 28
x,x,x,x,o,o,o,o,x,positive,Segmento 34
x,x,x,x,o,o,o,b,b,positive,Segmento 111
x,x,x,x,o,o,b,o,b,positive,Segmento 183
x,x,x,x,o,o,b,b,o,positive,Segmento 112
x,x,x,x,o,b,o,o,b,positive,Segmento 34
x,x,x,x,o,b,o,b,o,positive,Segmento 28
x,x,x,x,o,b,b,o,o,positive,Segmento 112
x,x,x,x,b,o,o,o,b,positive,Segmento 173
x,x,x,x,b,o,o,b,o,positive,Segmento 86
x,x,x,x,b,o,b,o,o,positive,Segmento 49
x,x,x,o,x,o,x,o,o,positive,Segmento 55
x,x,x,o,x,o,o,x,o,positive,Segmento 67
x,x,x,o,x,o,o,o,x,positive,Segmento 32
x,x,x,o,x,o,o,b,b,positive,Segmento 174
x,x,x,o,x,o,b,o,b,positive,Segmento 117
x,x,x,o,x,o,b,b,o,positive,Segmento 149
x,x,x,o,x,b,o,o,b,positive,Segmento 32
x,x,x,o,x,b,o,b,o,positive,Segmento 4
x,x,x,o,x,b,b,o,o,positive,Segmento 4
x,x,x,o,o,x,x,o,o,positive,Segmento 16
x,x,x,o,o,x,o,x,o,positive,Segmento 75
x,x,x,o,o,x,o,o,x,positive,Sin Segmento
x,x,x,o,o,x,o,b,b,positive,Segmento 102
x,x,x,o,o,x,b,o,b,positive,Segmento 165
x,x,x,o,o,x,b,b,o,positive,Segmento 16
x,x,x,o,o,b,x,o,b,positive,Segmento 154
x,x,x,o,o,b,x,b,o,positive,Segmento 3
x,x,x,o,o,b,o,x,b,positive,Segmento 102
x,x,x,o,o,b,o,b,x,positive,Segmento 5
x,x,x,o,o,b,b,x,o,positive,Segmento 3
x,x,x,o,o,b,b,o,x,positive,Segmento 5
x,x,x,o,o,b,b,b,b,positive,Segmento 154
x,x,x,o,b,x,o,o,b,positive,Segmento 38
x,x,x,o,b,x,o,b,o,positive,Segmento 70
x,x,x,o,b,x,b,o,o,positive,Segmento 70
x,x,x,o,b,o,x,o,b,positive,Segmento 146
x,x,x,o,b,o,x,b,o,positive,Segmento 25
x,x,x,o,b,o,o,x,b,positive,Segmento 38
x,x,x,o,b,o,o,b,x,positive,Segmento 36
x,x,x,o,b,o,b,x,o,positive,Segmento 25
x,x,x,o,b,o,b,o,x,positive,Segmento 115
x,x,x,o,b,o,b,b,b,positive,Segmento 146
x,x,x,o,b,b,x,o,o,positive,Segmento 146
x,x,x,o,b,b,o,x,o,positive,Segmento 86
x,x,x,o,b,b,o,o,x,positive,Segmento 97
x,x,x,o,b,b,o,b,b,positive,Segmento 4
x,x,x,o,b,b,b,o,b,positive,Segmento 4
x,x,x,o,b,b,b,b,o,positive,Segmento 146
x,x,x,b,x,o,o,o,b,positive,Segmento 174
x,x,x,b,x,o,o,b,o,positive,Segmento 4
x,x,x,b,x,o,b,o,o,positive,Segmento 4
x,x,x,b,o,x,o,o,b,positive,Segmento 165
x,x,x,b,o,x,o,b,o,positive,Segmento 163
x,x,x,b,o,x,b,o,o,positive,Segmento 41
x,x,x,b,o,o,x,o,b,positive,Segmento 144
x,x,x,b,o,o,x,b,o,positive,Segmento 3
x,x,x,b,o,o,o,x,b,positive,Segmento 175
x,x,x,b,o,o,o,b,x,positive,Segmento 5
x,x,x,b,o,o,b,x,o,positive,Segmento 3
x,x,x,b,o,o,b,o,x,positive,Segmento 5
x,x,x,b,o,o,b,b,b,positive,Segmento 111
x,x,x,b,o,b,x,o,o,positive,Segmento 16
x,x,x,b,o,b,o,x,o,positive,Segmento 75
x,x,x,b,o,b,o,o,x,positive,Sin Segmento
x,x,x,b,o,b,o,b,b,positive,Segmento 155
x,x,x,b,o,b,b,o,b,positive,Segmento 111
x,x,x,b,o,b,b,b,o,positive,Segmento 16
x,x,x,b,b,o,x,o,o,positive,Segmento 150
x,x,x,b,b,o,o,x,o,positive,Segmento 92
x,x,x,b,b,o,o,o,x,positive,Segmento 35
x,x,x,b,b,o,o,b,b,positive,Segmento 4
x,x,x,b,b,o,b,o,b,positive,Segmento 4
x,x,x,b,b,o,b,b,o,positive,Segmento 150
x,x,x,b,b,b,o,o,b,positive,Segmento 35
x,x,x,b,b,b,o,b,o,positive,Segmento 70
x,x,x,b,b,b,b,o,o,positive,Segmento 70
x,x,o,x,x,o,o,o,x,positive,Segmento 29
x,x,o,x,o,x,x,o,o,positive,Segmento 22
x,x,o,x,o,o,x,o,x,positive,Segmento 34
x,x,o,x,o,o,x,b,b,positive,Segmento 113
x,x,o,x,o,b,x,o,b,positive,Segmento 34
x,x,o,x,o,b,x,b,o,positive,Segmento 182
x,x,o,x,b,o,x,o,b,positive,Segmento 50
x,x,o,x,b,b,x,o,o,positive,Segmento 23
x,x,o,o,x,x,o,x,o,positive,Segmento 77
x,x,o,o,x,x,o,o,x,positive,Segmento 69
x,x,o,o,x,o,x,o,x,positive,Segmento 145
x,x,o,o,x,o,o,x,x,positive,Segmento 64
x,x,o,o,x,o,b,x,b,positive,Segmento 118
x,x,o,o,x,o,b,b,x,positive,Segmento 145
x,x,o,o,x,b,o,x,b,positive,Segmento 123
x,x,o,o,x,b,o,b,x,positive,Segmento 6
x,x,o,o,x,b,b,x,o,positive,Segmento 116
x,x,o,o,x,b,b,o,x,positive,Segmento 94
x,x,o,b,x,o,o,x,b,positive,Segmento 160
x,x,o,b,x,o,o,b,x,positive,Segmento 6
x,x,o,b,x,o,b,o,x,positive,Segmento 29
x,x,o,b,x,b,o,x,o,positive,Segmento 77
x,x,o,b,x,b,o,o,x,positive,Segmento 69
x,x,b,x,o,o,x,o,b,positive,Segmento 143
x,x,b,x,o,o,x,b,o,positive,Segmento 143
x,x,b,x,o,b,x,o,o,positive,Segmento 142
x,x,b,x,b,o,x,o,o,positive,Segmento 23
x,x,b,o,x,o,o,x,b,positive,Segmento 121
x,x,b,o,x,o,o,b,x,positive,Segmento 141
x,x,b,o,x,o,b,x,o,positive,Segmento 67
x,x,b,o,x,o,b,o,x,positive,Segmento 114
x,x,b,o,x,b,o,x,o,positive,Segmento 88
x,x,b,o,x,b,o,o,x,positive,Segmento 138
x,x,b,b,x,o,o,x,o,positive,Segmento 88
x,x,b,b,x,o,o,o,x,positive,Segmento 161
x,o,x,x,x,o,x,o,o,positive,Segmento 66
x,o,x,x,x,o,o,o,x,positive,Segmento 52
x,o,x,x,o,o,x,x,o,positive,Segmento 53
x,o,x,x,o,o,x,b,b,positive,Segmento 183
x,o,x,x,o,b,x,b,o,positive,Segmento 53
x,o,x,x,b,o,x,o,b,positive,Segmento 115
x,o,x,x,b,o,x,b,o,positive,Segmento 129
x,o,x,x,b,b,x,o,o,positive,Segmento 49
x,o,x,o,x,x,x,o,o,positive,Sin Segmento
x,o,x,o,x,x,o,o,x,positive,Segmento 72
x,o,x,o,x,o,x,x,o,positive,Segmento 66
x,o,x,o,x,o,x,o,x,positive,Segmento 170
x,o,x,o,x,o,x,b,b,positive,Segmento 8
x,o,x,o,x,o,o,x,x,positive,Segmento 51
x,o,x,o,x,o,b,b,x,positive,Segmento 20
x,o,x,o,x,b,x,o,b,positive,Segmento 119
x,o,x,o,x,b,x,b,o,positive,Segmento 9
x,o,x,o,x,b,o,b,x,positive,Segmento 135
x,o,x,o,x,b,b,o,x,positive,Segmento 157
x,o,x,o,o,x,o,x,x,positive,Segmento 43
x,o,x,o,o,x,b,b,x,positive,Segmento 19
x,o,x,o,b,x,o,b,x,positive,Segmento 130
x,o,x,o,b,x,b,o,x,positive,Segmento 55
x,o,x,b,x,o,x,o,b,positive,Segmento 119
x,o,x,b,x,o,x,b,o,positive,Segmento 9
x,o,x,b,x,o,o,b,x,positive,Segmento 20
x,o,x,b,x,o,b,o,x,positive,Segmento 107
x,o,x,b,x,b,x,o,o,positive,Segmento 105
x,o,x,b,x,b,o,o,x,positive,Segmento 72
x,o,x,b,o,x,o,b,x,positive,Segmento 19
x,o,x,b,b,x,o,o,x,positive,Segmento 59
x,o,o,x,x,x,x,o,o,positive,Segmento 148
x,o,o,x,x,x,o,x,o,positive,Segmento 43
x,o,o,x,x,x,o,o,x,positive,Segmento 171
x,o,o,x,x,x,o,b,b,positive,Segmento 11
x,o,o,x,x,x,b,o,b,positive,Segmento 21
x,o,o,x,x,x,b,b,o,positive,Segmento 14
x,o,o,x,x,o,x,o,x,positive,Segmento 151
x,o,o,x,x,o,x,b,b,positive,Segmento 8
x,o,o,x,x,o,o,x,x,positive,Segmento 184
x,o,o,x,x,o,b,b,x,positive,Segmento 14
x,o,o,x,x,b,x,o,b,positive,Segmento 114
x,o,o,x,x,b,x,b,o,positive,Segmento 11
x,o,o,x,x,b,o,b,x,positive,Segmento 13
x,o,o,x,x,b,b,o,x,positive,Segmento 21
x,o,o,x,o,x,x,x,o,positive,Segmento 182
x,o,o,x,o,x,x,b,b,positive,Segmento 136
x,o,o,x,o,o,x,x,x,positive,Segmento 168
x,o,o,x,o,b,x,x,b,positive,Segmento 120
x,o,o,x,o,b,x,b,x,positive,Segmento 136
x,o,o,x,b,x,x,o,b,positive,Segmento 50
x,o,o,x,b,x,x,b,o,positive,Segmento 14
x,o,o,x,b,o,x,x,b,positive,Segmento 122
x,o,o,x,b,o,x,b,x,positive,Segmento 14
x,o,o,x,b,b,x,x,o,positive,Segmento 27
x,o,o,x,b,b,x,o,x,positive,Segmento 186
x,o,o,x,b,b,x,b,b,positive,Segmento 130
x,o,o,o,x,x,x,o,x,positive,Segmento 16
x,o,o,o,x,x,o,x,x,positive,Segmento 72
x,o,o,o,x,x,b,b,x,positive,Segmento 16
x,o,o,o,x,o,x,x,x,positive,Segmento 64
x,o,o,o,x,b,x,b,x,positive,Segmento 9
x,o,o,o,x,b,b,x,x,positive,Segmento 18
x,o,o,o,o,x,x,x,x,positive,Segmento 79
x,o,o,o,b,b,x,x,x,positive,Segmento 92
x,o,o,b,x,x,o,b,x,positive,Segmento 20
x,o,o,b,x,x,b,o,x,positive,Segmento 63
x,o,o,b,x,o,x,b,x,positive,Segmento 9
x,o,o,b,x,o,b,x,x,positive,Segmento 116
x,o,o,b,x,b,x,o,x,positive,Segmento 16
x,o,o,b,x,b,o,x,x,positive,Segmento 18
x,o,o,b,x,b,b,b,x,positive,Segmento 13
x,o,o,b,o,b,x,x,x,positive,Segmento 79
x,o,o,b,b,o,x,x,x,positive,Segmento 65
x,o,b,x,x,x,o,o,b,positive,Segmento 121
x,o,b,x,x,x,o,b,o,positive,Segmento 45
x,o,b,x,x,x,b,o,o,positive,Segmento 83
x,o,b,x,x,o,x,o,b,positive,Segmento 114
x,o,b,x,x,o,x,b,o,positive,Segmento 137
x,o,b,x,x,o,o,b,x,positive,Segmento 12
x,o,b,x,x,o,b,o,x,positive,Segmento 107
x,o,b,x,x,b,x,o,o,positive,Segmento 105
x,o,b,x,x,b,o,o,x,positive,Segmento 107
x,o,b,x,o,x,x,b,o,positive,Segmento 15
x,o,b,x,o,o,x,x,b,positive,Segmento 177
x,o,b,x,o,o,x,b,x,positive,Segmento 15
x,o,b,x,o,b,x,x,o,positive,Segmento 98
x,o,b,x,o,b,x,b,b,positive,Segmento 132
x,o,b,x,b,x,x,o,o,positive,Segmento 39
x,o,b,x,b,o,x,x,o,positive,Segmento 39
x,o,b,x,b,o,x,o,x,positive,Segmento 35
x,o,b,x,b,o,x,b,b,positive,Segmento 134
x,o,b,x,b,b,x,o,b,positive,Segmento 35
x,o,b,x,b,b,x,b,o,positive,Segmento 129
x,o,b,o,x,x,o,b,x,positive,Segmento 101
x,o,b,o,x,x,b,o,x,positive,Segmento 80
x,o,b,o,x,o,x,b,x,positive,Segmento 125
x,o,b,o,x,o,b,x,x,positive,Segmento 117
x,o,b,o,x,b,x,o,x,positive,Segmento 145
x,o,b,o,x,b,o,x,x,positive,Segmento 101
x,o,b,o,x,b,b,b,x,positive,Segmento 18
x,o,b,o,o,b,x,x,x,positive,Segmento 91
x,o,b,o,b,o,x,x,x,positive,Segmento 68
x,o,b,b,x,x,o,o,x,positive,Segmento 158
x,o,b,b,x,o,x,o,x,positive,Segmento 17
x,o,b,b,x,o,o,x,x,positive,Segmento 158
x,o,b,b,x,o,b,b,x,positive,Segmento 12
x,o,b,b,x,b,o,b,x,positive,Segmento 18
x,o,b,b,x,b,b,o,x,positive,Segmento 80
x,o,b,b,o,o,x,x,x,positive,Segmento 91
x,b,x,x,o,o,x,o,b,positive,Segmento 143
x,b,x,x,o,o,x,b,o,positive,Segmento 143
x,b,x,x,o,b,x,o,o,positive,Segmento 142
x,b,x,x,b,o,x,o,o,positive,Segmento 129
x,b,x,o,x,o,x,o,b,positive,Segmento 8
x,b,x,o,x,o,x,b,o,positive,Segmento 65
x,b,x,o,x,o,o,b,x,positive,Segmento 141
x,b,x,o,x,o,b,o,x,positive,Segmento 20
x,b,x,o,x,b,x,o,o,positive,Segmento 9
x,b,x,o,x,b,o,o,x,positive,Segmento 135
x,b,x,o,o,x,o,b,x,positive,Segmento 60
x,b,x,o,o,x,b,o,x,positive,Segmento 19
x,b,x,o,b,x,o,o,x,positive,Segmento 59
x,b,x,b,x,o,x,o,o,positive,Segmento 9
x,b,x,b,x,o,o,o,x,positive,Segmento 20
x,b,x,b,o,x,o,o,x,positive,Segmento 19
x,b,o,x,x,x,o,o,b,positive,Segmento 11
x,b,o,x,x,x,o,b,o,positive,Segmento 45
x,b,o,x,x,x,b,o,o,positive,Segmento 14
x,b,o,x,x,o,x,o,b,positive,Segmento 8
x,b,o,x,x,o,o,b,x,positive,Segmento 87
x,b,o,x,x,o,b,o,x,positive,Segmento 14
x,b,o,x,x,b,x,o,o,positive,Segmento 11
x,b,o,x,x,b,o,o,x,positive,Segmento 13
x,b,o,x,o,x,x,o,b,positive,Segmento 136
x,b,o,x,o,x,x,b,o,positive,Segmento 22
x,b,o,x,o,o,x,x,b,positive,Segmento 120
x,b,o,x,o,o,x,b,x,positive,Segmento 112
x,b,o,x,o,b,x,x,o,positive,Segmento 98
x,b,o,x,o,b,x,o,x,positive,Segmento 112
x,b,o,x,o,b,x,b,b,positive,Segmento 168
x,b,o,x,b,x,x,o,o,positive,Segmento 14
x,b,o,x,b,o,x,o,x,positive,Segmento 14
x,b,o,x,b,o,x,b,b,positive,Segmento 186
x,b,o,x,b,b,x,o,b,positive,Segmento 130
x,b,o,x,b,b,x,b,o,positive,Segmento 23
x,b,o,o,x,x,o,b,x,positive,Segmento 100
x,b,o,o,x,x,b,o,x,positive,Segmento 20
x,b,o,o,x,o,x,b,x,positive,Segmento 63
x,b,o,o,x,o,b,x,x,positive,Segmento 18
x,b,o,o,x,b,x,o,x,positive,Segmento 9
x,b,o,o,x,b,o,x,x,positive,Segmento 87
x,b,o,o,x,b,b,b,x,positive,Segmento 157
x,b,o,o,o,b,x,x,x,positive,Segmento 96
x,b,o,o,b,o,x,x,x,positive,Segmento 68
x,b,o,b,x,x,o,o,x,positive,Segmento 20
x,b,o,b,x,o,x,o,x,positive,Segmento 9
x,b,o,b,x,o,o,x,x,positive,Segmento 18
x,b,o,b,x,o,b,b,x,positive,Segmento 17
x,b,o,b,x,b,o,b,x,positive,Segmento 157
x,b,o,b,x,b,b,o,x,positive,Segmento 13
x,b,o,b,o,o,x,x,x,positive,Segmento 96
x,b,b,x,x,o,x,o,o,positive,Segmento 137
x,b,b,x,x,o,o,o,x,positive,Segmento 12
x,b,b,x,o,x,x,o,o,positive,Segmento 15
x,b,b,x,o,o,x,x,o,positive,Segmento 53
x,b,b,x,o,o,x,o,x,positive,Segmento 15
x,b,b,x,o,o,x,b,b,positive,Segmento 169
x,b,b,x,o,b,x,o,b,positive,Segmento 132
x,b,b,x,o,b,x,b,o,positive,Segmento 53
x,b,b,x,b,o,x,o,b,positive,Segmento 134
x,b,b,x,b,o,x,b,o,positive,Segmento 23
x,b,b,x,b,b,x,o,o,positive,Segmento 129
x,b,b,o,x,x,o,o,x,positive,Segmento 135
x,b,b,o,x,o,x,o,x,positive,Segmento 125
x,b,b,o,x,o,o,x,x,positive,Segmento 51
x,b,b,o,x,o,b,b,x,positive,Segmento 18
x,b,b,o,x,b,o,b,x,positive,Segmento 6
x,b,b,o,x,b,b,o,x,positive,Segmento 19
x,b,b,b,x,o,o,b,x,positive,Segmento 6
x,b,b,b,x,o,b,o,x,positive,Segmento 12
x,b,b,b,x,b,o,o,x,positive,Segmento 19
o,x,x,x,x,o,x,o,o,positive,Segmento 82
o,x,x,x,x,o,o,x,o,positive,Segmento 30
o,x,x,x,o,x,o,o,x,positive,Segmento 31
o,x,x,o,x,x,x,o,o,positive,Segmento 81
o,x,x,o,x,o,x,x,o,positive,Segmento 82
o,x,x,o,x,o,x,o,x,positive,Segmento 37
o,x,x,o,x,o,x,b,b,positive,Segmento 26
o,x,x,o,x,o,b,x,b,positive,Segmento 26
o,x,x,o,x,b,x,o,b,positive,Segmento 37
o,x,x,o,x,b,x,b,o,positive,Segmento 3
o,x,x,o,x,b,b,x,o,positive,Segmento 3
o,x,x,o,o,x,x,o,x,positive,Segmento 153
o,x,x,o,o,x,b,b,x,positive,Segmento 153
o,x,x,o,b,x,b,o,x,positive,Segmento 24
o,x,x,b,x,o,x,o,b,positive,Segmento 89
o,x,x,b,x,o,x,b,o,positive,Segmento 3
o,x,x,b,x,o,o,x,b,positive,Segmento 109
o,x,x,b,x,o,b,x,o,positive,Segmento 3
o,x,x,b,x,b,x,o,o,positive,Segmento 81
o,x,x,b,x,b,o,x,o,positive,Segmento 110
o,x,x,b,o,x,o,b,x,positive,Segmento 162
o,x,x,b,o,x,b,o,x,positive,Segmento 31
o,x,x,b,b,x,o,o,x,positive,Segmento 24
o,x,o,x,x,x,x,o,o,positive,Segmento 147
o,x,o,x,x,x,o,x,o,positive,Segmento 30
o,x,o,x,x,x,o,o,x,positive,Segmento 40
o,x,o,x,x,x,o,b,b,positive,Segmento 103
o,x,o,x,x,x,b,o,b,positive,Segmento 42
o,x,o,x,x,x,b,b,o,positive,Segmento 103
o,x,o,x,x,o,o,x,x,positive,Segmento 40
o,x,o,x,x,o,b,x,b,positive,Segmento 42
o,x,o,x,x,b,o,x,b,positive,Segmento 103
o,x,o,x,x,b,b,x,o,positive,Segmento 103
o,x,o,x,o,o,x,x,x,positive,Segmento 181
o,x,o,o,x,x,x,x,o,positive,Segmento 76
o,x,o,o,x,x,b,x,b,positive,Segmento 76
o,x,o,o,x,o,x,x,x,positive,Segmento 32
o,x,o,o,x,b,x,x,b,positive,Segmento 32
o,x,o,o,x,b,b,x,x,positive,Segmento 89
o,x,o,o,o,x,x,x,x,positive,Segmento 75
o,x,o,o,b,b,x,x,x,positive,Segmento 7
o,x,o,b,x,x,o,x,b,positive,Segmento 21
o,x,o,b,x,x,b,x,o,positive,Segmento 30
o,x,o,b,x,o,x,x,b,positive,Segmento 90
o,x,o,b,x,o,b,x,x,positive,Segmento 89
o,x,o,b,x,b,x,x,o,positive,Segmento 76
o,x,o,b,x,b,o,x,x,positive,Segmento 21
o,x,o,b,x,b,b,x,b,positive,Segmento 76
o,x,o,b,o,b,x,x,x,positive,Segmento 75
o,x,o,b,b,o,x,x,x,positive,Segmento 7
o,x,b,x,x,x,o,o,b,positive,Segmento 40
o,x,b,x,x,x,o,b,o,positive,Segmento 140
o,x,b,x,x,x,b,o,o,positive,Segmento 82
o,x,b,x,x,o,o,x,b,positive,Segmento 40
o,x,b,x,x,o,b,x,o,positive,Segmento 106
o,x,b,x,x,b,o,x,o,positive,Segmento 110
o,x,b,o,x,x,b,x,o,positive,Segmento 81
o,x,b,o,x,o,x,x,b,positive,Segmento 176
o,x,b,o,x,o,b,x,x,positive,Segmento 33
o,x,b,o,x,b,x,x,o,positive,Segmento 140
o,x,b,o,x,b,b,x,b,positive,Segmento 2
o,x,b,o,o,b,x,x,x,positive,Segmento 138
o,x,b,o,b,o,x,x,x,positive,Sin Segmento
o,x,b,b,x,x,o,x,o,positive,Segmento 179
o,x,b,b,x,o,x,x,o,positive,Segmento 139
o,x,b,b,x,o,o,x,x,positive,Segmento 37
o,x,b,b,x,o,b,x,b,positive,Segmento 2
o,x,b,b,x,b,o,x,b,positive,Segmento 37
o,x,b,b,x,b,b,x,o,positive,Segmento 81
o,x,b,b,o,o,x,x,x,positive,Segmento 142
o,o,x,x,x,x,x,o,o,positive,Segmento 147
o,o,x,x,x,x,o,x,o,positive,Segmento 54
o,o,x,x,x,x,o,o,x,positive,Segmento 166
o,o,x,x,x,x,o,b,b,positive,Segmento 11
o,o,x,x,x,x,b,o,b,positive,Segmento 176
o,o,x,x,x,x,b,b,o,positive,Segmento 147
o,o,x,x,x,o,x,x,o,positive,Segmento 83
o,o,x,x,x,o,x,o,x,positive,Segmento 33
o,o,x,x,x,o,x,b,b,positive,Segmento 86
o,o,x,x,x,b,x,o,b,positive,Segmento 33
o,o,x,x,x,b,x,b,o,positive,Segmento 11
o,o,x,x,o,x,o,x,x,positive,Segmento 29
o,o,x,x,o,x,b,b,x,positive,Segmento 127
o,o,x,x,o,o,x,x,x,positive,Segmento 52
o,o,x,x,b,x,o,b,x,positive,Segmento 13
o,o,x,x,b,x,b,o,x,positive,Sin Segmento
o,o,x,o,x,x,x,x,o,positive,Segmento 74
o,o,x,o,x,x,x,o,x,positive,Segmento 39
o,o,x,o,x,x,x,b,b,positive,Segmento 73
o,o,x,o,x,x,b,b,x,positive,Segmento 150
o,o,x,o,x,o,x,x,x,positive,Segmento 39
o,o,x,o,x,b,x,x,b,positive,Segmento 48
o,o,x,o,x,b,x,b,x,positive,Segmento 124
o,o,x,o,o,x,x,x,x,positive,Segmento 78
o,o,x,o,b,x,x,b,x,positive,Segmento 25
o,o,x,o,b,x,b,x,x,positive,Segmento 25
o,o,x,o,b,b,x,x,x,positive,Segmento 27
o,o,x,b,x,x,x,o,b,positive,Segmento 56
o,o,x,b,x,x,x,b,o,positive,Segmento 99
o,o,x,b,x,x,o,b,x,positive,Segmento 110
o,o,x,b,x,x,b,o,x,positive,Segmento 1
o,o,x,b,x,o,x,x,b,positive,Segmento 56
o,o,x,b,x,o,x,b,x,positive,Segmento 57
o,o,x,b,x,b,x,x,o,positive,Segmento 74
o,o,x,b,x,b,x,o,x,positive,Segmento 57
o,o,x,b,x,b,x,b,b,positive,Segmento 61
o,o,x,b,o,x,x,b,x,positive,Segmento 127
o,o,x,b,o,x,b,x,x,positive,Segmento 29
o,o,x,b,o,b,x,x,x,positive,Segmento 78
o,o,x,b,b,x,x,o,x,positive,Segmento 61
o,o,x,b,b,x,o,x,x,positive,Segmento 178
o,o,x,b,b,x,b,b,x,positive,Segmento 13
o,o,x,b,b,o,x,x,x,positive,Segmento 58
o,o,b,x,x,x,x,o,b,positive,Segmento 17
o,o,b,x,x,x,x,b,o,positive,Segmento 44
o,o,b,x,x,x,o,x,b,positive,Segmento 46
o,o,b,x,x,x,o,b,x,positive,Segmento 46
o,o,b,x,x,x,b,x,o,positive,Segmento 47
o,o,b,x,x,x,b,o,x,positive,Segmento 47
o,o,b,x,x,x,b,b,b,positive,Segmento 17
o,o,b,x,o,b,x,x,x,positive,Segmento 104
o,o,b,x,b,o,x,x,x,positive,Sin Segmento
o,o,b,o,x,b,x,x,x,positive,Segmento 48
o,o,b,o,b,x,x,x,x,positive,Segmento 71
o,o,b,b,x,o,x,x,x,positive,Segmento 1
o,o,b,b,o,x,x,x,x,positive,Segmento 45
o,o,b,b,b,b,x,x,x,positive,Segmento 58
o,b,x,x,x,x,o,o,b,positive,Segmento 11
o,b,x,x,x,x,o,b,o,positive,Segmento 140
o,b,x,x,x,x,b,o,o,positive,Segmento 139
o,b,x,x,x,o,x,o,b,positive,Segmento 84
o,b,x,x,x,o,x,b,o,positive,Segmento 87
o,b,x,x,x,b,x,o,o,positive,Segmento 11
o,b,x,x,o,x,o,b,x,positive,Segmento 31
o,b,x,x,o,x,b,o,x,positive,Segmento 127
o,b,x,x,b,x,o,o,x,positive,Segmento 13
o,b,x,o,x,x,x,o,b,positive,Segmento 56
o,b,x,o,x,x,x,b,o,positive,Segmento 74
o,b,x,o,x,x,b,o,x,positive,Segmento 1
o,b,x,o,x,o,x,x,b,positive,Segmento 56
o,b,x,o,x,o,x,b,x,positive,Segmento 57
o,b,x,o,x,b,x,x,o,positive,Segmento 87
o,b,x,o,x,b,x,o,x,positive,Segmento 57
o,b,x,o,x,b,x,b,b,positive,Segmento 2
o,b,x,o,o,x,x,b,x,positive,Segmento 101
o,b,x,o,o,x,b,x,x,positive,Segmento 62
o,b,x,o,o,b,x,x,x,positive,Segmento 101
o,b,x,o,b,x,x,o,x,positive,Segmento 27
o,b,x,o,b,x,b,b,x,positive,Segmento 24
o,b,x,o,b,o,x,x,x,positive,Segmento 58
o,b,x,b,x,x,x,o,o,positive,Segmento 131
o,b,x,b,x,x,o,o,x,positive,Segmento 109
o,b,x,b,x,o,x,x,o,positive,Segmento 139
o,b,x,b,x,o,x,o,x,positive,Segmento 36
o,b,x,b,x,o,x,b,b,positive,Segmento 2
o,b,x,b,x,b,x,o,b,positive,Segmento 36
o,b,x,b,x,b,x,b,o,positive,Segmento 74
o,b,x,b,o,x,x,o,x,positive,Segmento 127
o,b,x,b,o,x,o,x,x,positive,Segmento 162
o,b,x,b,o,x,b,b,x,positive,Segmento 31
o,b,x,b,o,o,x,x,x,positive,Segmento 108
o,b,x,b,b,x,o,b,x,positive,Segmento 24
o,b,x,b,b,x,b,o,x,positive,Segmento 13
o,b,o,x,x,x,x,o,b,positive,Segmento 17
o,b,o,x,x,x,x,b,o,positive,Segmento 44
o,b,o,x,x,x,o,x,b,positive,Segmento 46
o,b,o,x,x,x,o,b,x,positive,Segmento 46
o,b,o,x,x,x,b,x,o,positive,Segmento 47
o,b,o,x,x,x,b,o,x,positive,Segmento 47
o,b,o,x,x,x,b,b,b,positive,Segmento 17
o,b,o,x,o,b,x,x,x,positive,Segmento 181
o,b,o,x,b,o,x,x,x,positive,Segmento 185
o,b,o,o,x,b,x,x,x,positive,Segmento 90
o,b,o,o,b,x,x,x,x,positive,Segmento 71
o,b,o,b,x,o,x,x,x,positive,Segmento 90
o,b,o,b,o,x,x,x,x,positive,Segmento 45
o,b,o,b,b,b,x,x,x,positive,Segmento 71
o,b,b,x,x,x,x,o,o,positive,Segmento 149
o,b,b,x,x,x,o,x,o,positive,Segmento 54
o,b,b,x,x,x,o,o,x,positive,Segmento 109
o,b,b,x,x,x,o,b,b,positive,Segmento 166
o,b,b,x,x,x,b,o,b,positive,Segmento 84
o,b,b,x,x,x,b,b,o,positive,Segmento 149
o,b,b,x,o,o,x,x,x,positive,Segmento 52
o,b,b,o,x,o,x,x,x,positive,Segmento 1
o,b,b,o,o,x,x,x,x,positive,Segmento 78
o,b,b,o,b,b,x,x,x,positive,Segmento 7
o,b,b,b,o,b,x,x,x,positive,Segmento 78
o,b,b,b,b,o,x,x,x,positive,Segmento 7
b,x,x,o,x,o,x,o,b,positive,Segmento 117
b,x,x,o,x,o,x,b,o,positive,Segmento 55
b,x,x,o,x,o,o,x,b,positive,Segmento 180
b,x,x,o,x,o,b,x,o,positive,Sin Segmento
b,x,x,o,x,b,x,o,o,positive,Segmento 93
b,x,x,o,x,b,o,x,o,positive,Segmento 67
b,x,x,o,o,x,o,b,x,positive,Segmento 43
b,x,x,o,o,x,b,o,x,positive,Segmento 155
b,x,x,o,b,x,o,o,x,positive,Segmento 122
b,x,x,b,x,o,x,o,o,positive,Segmento 93
b,x,x,b,x,o,o,x,o,positive,Segmento 88
b,x,x,b,o,x,o,o,x,positive,Segmento 155
b,x,o,x,x,x,o,o,b,positive,Segmento 42
b,x,o,x,x,x,o,b,o,positive,Segmento 43
b,x,o,x,x,x,b,o,o,positive,Segmento 22
b,x,o,x,x,o,o,x,b,positive,Segmento 42
b,x,o,x,x,b,o,x,o,positive,Segmento 100
b,x,o,o,x,x,o,x,b,positive,Segmento 69
b,x,o,o,x,x,b,x,o,positive,Segmento 77
b,x,o,o,x,o,x,x,b,positive,Segmento 118
b,x,o,o,x,o,b,x,x,positive,Segmento 159
b,x,o,o,x,b,x,x,o,positive,Segmento 116
b,x,o,o,x,b,o,x,x,positive,Segmento 64
b,x,o,o,x,b,b,x,b,positive,Segmento 94
b,x,o,o,o,b,x,x,x,positive,Segmento 6
b,x,o,o,b,o,x,x,x,positive,Segmento 50
b,x,o,b,x,x,o,x,o,positive,Segmento 156
b,x,o,b,x,o,o,x,x,positive,Segmento 159
b,x,o,b,x,o,b,x,b,positive,Segmento 94
b,x,o,b,x,b,o,x,b,positive,Segmento 69
b,x,o,b,x,b,b,x,o,positive,Segmento 77
b,x,o,b,o,o,x,x,x,positive,Segmento 6
b,x,b,x,x,o,o,x,o,positive,Segmento 105
b,x,b,o,x,x,o,x,o,positive,Sin Segmento
b,x,b,o,x,o,x,x,o,positive,Segmento 141
b,x,b,o,x,o,o,x,x,positive,Segmento 121
b,x,b,o,x,o,b,x,b,positive,Segmento 161
b,x,b,o,x,b,o,x,b,positive,Segmento 95
b,x,b,o,x,b,b,x,o,positive,Segmento 2
b,x,b,b,x,o,o,x,b,positive,Segmento 95
b,x,b,b,x,o,b,x,o,positive,Segmento 2
b,x,b,b,x,b,o,x,o,positive,Sin Segmento
b,o,x,x,x,x,o,o,b,positive,Segmento 51
b,o,x,x,x,x,o,b,o,positive,Segmento 54
b,o,x,x,x,x,b,o,o,positive,Segmento 176
b,o,x,x,x,o,x,o,b,positive,Segmento 85
b,o,x,x,x,o,x,b,o,positive,Segmento 128
b,o,x,x,x,b,x,o,o,positive,Segmento 66
b,o,x,x,o,x,o,b,x,positive,Segmento 12
b,o,x,x,b,x,o,o,x,positive,Segmento 173
b,o,x,o,x,x,x,o,b,positive,Segmento 41
b,o,x,o,x,x,x,b,o,positive,Segmento 15
b,o,x,o,x,x,o,b,x,positive,Segmento 8
b,o,x,o,x,x,b,o,x,positive,Segmento 175
b,o,x,o,x,o,x,x,b,positive,Segmento 41
b,o,x,o,x,o,x,b,x,positive,Segmento 15
b,o,x,o,x,b,x,x,o,positive,Segmento 66
b,o,x,o,x,b,x,o,x,positive,Segmento 119
b,o,x,o,x,b,x,b,b,positive,Segmento 10
b,o,x,o,o,x,x,b,x,positive,Segmento 102
b,o,x,o,o,x,b,x,x,positive,Segmento 164
b,o,x,o,o,b,x,x,x,positive,Segmento 102
b,o,x,o,b,x,x,o,x,positive,Segmento 38
b,o,x,o,b,x,o,x,x,positive,Segmento 173
b,o,x,o,b,x,b,b,x,positive,Segmento 55
b,o,x,o,b,o,x,x,x,positive,Segmento 38
b,o,x,b,x,x,x,o,o,positive,Segmento 106
b,o,x,b,x,x,o,o,x,positive,Segmento 174
b,o,x,b,x,o,x,x,o,positive,Segmento 93
b,o,x,b,x,o,x,o,x,positive,Segmento 119
b,o,x,b,x,o,x,b,b,positive,Segmento 10
b,o,x,b,x,b,x,o,b,positive,Segmento 80
b,o,x,b,x,b,x,b,o,positive,Segmento 131
b,o,x,b,o,x,o,x,x,positive,Segmento 60
b,o,x,b,o,x,b,b,x,positive,Segmento 12
b,o,x,b,o,o,x,x,x,positive,Segmento 104
b,o,x,b,b,x,o,b,x,positive,Segmento 59
b,o,x,b,b,x,b,o,x,positive,Segmento 1
b,o,o,x,x,x,x,o,b,positive,Segmento 151
b,o,o,x,x,x,x,b,o,positive,Segmento 26
b,o,o,x,x,x,o,x,b,positive,Segmento 184
b,o,o,x,x,x,o,b,x,positive,Segmento 8
b,o,o,x,x,x,b,x,o,positive,Segmento 26
b,o,o,x,x,x,b,o,x,positive,Segmento 123
b,o,o,x,x,x,b,b,b,positive,Segmento 151
b,o,o,x,o,b,x,x,x,positive,Segmento 120
b,o,o,x,b,o,x,x,x,positive,Segmento 122
b,o,o,o,x,b,x,x,x,positive,Segmento 64
b,o,o,o,b,x,x,x,x,positive,Segmento 50
b,o,o,b,x,o,x,x,x,positive,Segmento 116
b,o,o,b,o,x,x,x,x,positive,Segmento 62
b,o,o,b,b,b,x,x,x,positive,Segmento 65
b,o,b,x,x,x,x,o,o,positive,Segmento 106
b,o,b,x,x,x,o,x,o,positive,Segmento 44
b,o,b,x,x,x,o,o,x,positive,Segmento 121
b,o,b,x,x,x,o,b,b,positive,Segmento 133
b,o,b,x,x,x,b,o,b,positive,Segmento 85
b,o,b,x,x,x,b,b,o,positive,Segmento 137
b,o,b,x,o,o,x,x,x,positive,Segmento 104
b,o,b,o,x,o,x,x,x,positive,Segmento 117
b,o,b,o,o,x,x,x,x,positive,Sin Segmento
b,o,b,o,b,b,x,x,x,positive,Segmento 68
b,o,b,b,o,b,x,x,x,positive,Sin Segmento
b,o,b,b,b,o,x,x,x,positive,Segmento 1
b,b,x,x,x,o,x,o,o,positive,Segmento 128
b,b,x,x,o,x,o,o,x,positive,Segmento 12
b,b,x,o,x,x,x,o,o,positive,Segmento 15
b,b,x,o,x,x,o,o,x,positive,Segmento 8
b,b,x,o,x,o,x,x,o,positive,Segmento 141
b,b,x,o,x,o,x,o,x,positive,Segmento 15
b,b,x,o,x,o,x,b,b,positive,Segmento 172
b,b,x,o,x,b,x,o,b,positive,Segmento 10
b,b,x,o,x,b,x,b,o,positive,Segmento 2
b,b,x,o,o,x,x,o,x,positive,Segmento 144
b,b,x,o,o,x,o,x,x,positive,Segmento 60
b,b,x,o,o,x,b,b,x,positive,Segmento 144
b,b,x,o,b,x,o,b,x,positive,Segmento 59
b,b,x,o,b,x,b,o,x,positive,Segmento 1
b,b,x,b,x,o,x,o,b,positive,Segmento 10
b,b,x,b,x,o,x,b,o,positive,Segmento 2
b,b,x,b,x,b,x,o,o,positive,Segmento 131
b,b,x,b,o,x,o,b,x,positive,Segmento 164
b,b,x,b,o,x,b,o,x,positive,Segmento 12
b,b,x,b,b,x,o,o,x,positive,Segmento 134
b,b,o,x,x,x,x,o,o,positive,Segmento 126
b,b,o,x,x,x,o,x,o,positive,Segmento 44
b,b,o,x,x,x,o,o,x,positive,Segmento 8
b,b,o,x,x,x,o,b,b,positive,Segmento 167
b,b,o,x,x,x,b,o,b,positive,Segmento 171
b,b,o,x,x,x,b,b,o,positive,Segmento 22
b,b,o,x,o,o,x,x,x,positive,Segmento 120
b,b,o,o,x,o,x,x,x,positive,Segmento 118
b,b,o,o,o,x,x,x,x,positive,Segmento 62
b,b,o,o,b,b,x,x,x,positive,Segmento 68
b,b,o,b,o,b,x,x,x,positive,Segmento 79
b,b,o,b,b,o,x,x,x,positive,Segmento 97
b,b,b,x,x,x,o,o,b,positive,Segmento 51
b,b,b,x,x,x,o,b,o,positive,Segmento 54
b,b,b,x,x,x,b,o,o,positive,Segmento 137
b,b,b,o,o,b,x,x,x,positive,Segmento 6
b,b,b,o,b,o,x,x,x,positive,Segmento 1
b,b,b,b,o,o,x,x,x,positive,Segmento 6
x,x,o,x,x,o,o,b,o,negative,Sin Segmento
x,x,o,x,x,o,b,o,o,negative,Sin Segmento
x,x,o,x,x,b,o,o,o,negative,Sin Segmento
x,x,o,x,o,x,o,o,b,negative,Sin Segmento
x,x,o,x,o,x,o,b,o,negative,Sin Segmento
x,x,o,x,o,o,o,x,b,negative,Sin Segmento
x,x,o,x,o,o,o,b,x,negative,Sin Segmento
x,x,o,x,o,o,b,x,o,negative,Sin Segmento
x,x,o,x,o,b,o,x,o,negative,Sin Segmento
x,x,o,x,o,b,o,o,x,negative,Sin Segmento
x,x,o,x,o,b,o,b,b,negative,Sin Segmento
x,x,o,x,b,x,o,o,o,negative,Sin Segmento
x,x,o,x,b,o,o,x,o,negative,Sin Segmento
x,x,o,x,b,o,b,b,o,negative,Sin Segmento
x,x,o,o,x,o,x,b,o,negative,Sin Segmento
x,x,o,o,o,x,o,x,b,negative,Sin Segmento
x,x,o,o,o,x,o,b,x,negative,Sin Segmento
x,x,o,o,o,o,x,x,b,negative,Sin Segmento
x,x,o,o,o,o,x,b,x,negative,Sin Segmento
x,x,o,o,o,o,b,x,x,negative,Sin Segmento
x,x,o,o,o,b,o,x,x,negative,Sin Segmento
x,x,o,o,b,o,x,x,o,negative,Sin Segmento
x,x,o,b,x,x,o,o,o,negative,Sin Segmento
x,x,o,b,x,o,x,o,o,negative,Sin Segmento
x,x,o,b,x,o,b,b,o,negative,Sin Segmento
x,x,o,b,o,x,o,x,o,negative,Sin Segmento
x,x,o,b,o,x,o,o,x,negative,Sin Segmento
x,x,o,b,o,x,o,b,b,negative,Sin Segmento
x,x,o,b,o,o,x,x,o,negative,Sin Segmento
x,x,o,b,o,o,o,x,x,negative,Sin Segmento
x,x,o,b,o,b,o,x,b,negative,Sin Segmento
x,x,o,b,o,b,o,b,x,negative,Sin Segmento
x,x,o,b,b,o,x,b,o,negative,Sin Segmento
x,x,o,b,b,o,b,x,o,negative,Sin Segmento
x,x,b,x,x,o,o,o,o,negative,Sin Segmento
x,x,b,x,o,x,o,o,o,negative,Sin Segmento
x,x,b,x,b,b,o,o,o,negative,Sin Segmento
x,x,b,o,x,x,o,o,o,negative,Sin Segmento
x,x,b,o,o,o,x,x,o,negative,Sin Segmento
x,x,b,o,o,o,x,o,x,negative,Sin Segmento
x,x,b,o,o,o,x,b,b,negative,Sin Segmento
x,x,b,o,o,o,o,x,x,negative,Sin Segmento
x,x,b,o,o,o,b,x,b,negative,Sin Segmento
x,x,b,o,o,o,b,b,x,negative,Sin Segmento
x,x,b,b,x,b,o,o,o,negative,Sin Segmento
x,x,b,b,b,x,o,o,o,negative,Sin Segmento
x,o,x,x,x,b,o,o,o,negative,Sin Segmento
x,o,x,x,o,x,o,o,b,negative,Sin Segmento
x,o,x,x,o,x,b,o,o,negative,Sin Segmento
x,o,x,x,o,o,b,o,x,negative,Sin Segmento
x,o,x,x,o,b,o,o,x,negative,Sin Segmento
x,o,x,x,o,b,b,o,b,negative,Sin Segmento
x,o,x,x,b,x,o,o,o,negative,Sin Segmento
x,o,x,o,o,x,x,o,b,negative,Sin Segmento
x,o,x,o,o,o,x,x,b,negative,Sin Segmento
x,o,x,o,o,o,x,b,x,negative,Sin Segmento
x,o,x,o,o,o,b,x,x,negative,Sin Segmento
x,o,x,o,o,b,x,o,x,negative,Sin Segmento
x,o,x,b,x,x,o,o,o,negative,Sin Segmento
x,o,x,b,o,x,x,o,o,negative,Sin Segmento
x,o,x,b,o,x,b,o,b,negative,Sin Segmento
x,o,x,b,o,o,x,o,x,negative,Sin Segmento
x,o,x,b,o,b,x,o,b,negative,Sin Segmento
x,o,x,b,o,b,b,o,x,negative,Sin Segmento
x,o,o,x,x,o,b,x,o,negative,Sin Segmento
x,o,o,x,o,x,o,x,b,negative,Sin Segmento
x,o,o,x,o,x,o,b,x,negative,Sin Segmento
x,o,o,x,o,x,b,o,x,negative,Sin Segmento
x,o,o,x,o,b,o,x,x,negative,Sin Segmento
x,o,o,b,x,o,x,x,o,negative,Sin Segmento
x,o,o,b,o,x,x,o,x,negative,Sin Segmento
x,o,o,b,o,x,o,x,x,negative,Sin Segmento
x,o,b,x,o,x,o,o,x,negative,Sin Segmento
x,o,b,x,o,x,b,o,b,negative,Sin Segmento
x,o,b,x,o,b,b,o,x,negative,Sin Segmento
x,o,b,o,o,x,x,o,x,negative,Sin Segmento
x,o,b,b,o,x,x,o,b,negative,Sin Segmento
x,o,b,b,o,x,b,o,x,negative,Sin Segmento
x,o,b,b,o,b,x,o,x,negative,Sin Segmento
x,b,x,x,x,o,o,o,o,negative,Sin Segmento
x,b,x,x,o,x,o,o,o,negative,Sin Segmento
x,b,x,x,b,b,o,o,o,negative,Sin Segmento
x,b,x,o,x,x,o,o,o,negative,Sin Segmento
x,b,x,o,o,o,x,x,o,negative,Sin Segmento
x,b,x,o,o,o,x,o,x,negative,Sin Segmento
x,b,x,o,o,o,x,b,b,negative,Sin Segmento
x,b,x,o,o,o,o,x,x,negative,Sin Segmento
x,b,x,o,o,o,b,x,b,negative,Sin Segmento
x,b,x,o,o,o,b,b,x,negative,Sin Segmento
x,b,x,b,x,b,o,o,o,negative,Sin Segmento
x,b,x,b,b,x,o,o,o,negative,Sin Segmento
x,b,o,x,x,o,o,x,o,negative,Sin Segmento
x,b,o,x,x,o,b,b,o,negative,Sin Segmento
x,b,o,x,o,x,o,x,o,negative,Sin Segmento
x,b,o,x,o,x,o,o,x,negative,Sin Segmento
x,b,o,x,o,x,o,b,b,negative,Sin Segmento
x,b,o,x,o,o,o,x,x,negative,Sin Segmento
x,b,o,x,o,b,o,x,b,negative,Sin Segmento
x,b,o,x,o,b,o,b,x,negative,Sin Segmento
x,b,o,x,b,o,b,x,o,negative,Sin Segmento
x,b,o,o,x,o,x,x,o,negative,Sin Segmento
x,b,o,o,o,x,o,x,x,negative,Sin Segmento
x,b,o,b,x,o,x,b,o,negative,Sin Segmento
x,b,o,b,x,o,b,x,o,negative,Sin Segmento
x,b,o,b,o,x,o,x,b,negative,Sin Segmento
x,b,o,b,o,x,o,b,x,negative,Sin Segmento
x,b,o,b,o,b,o,x,x,negative,Sin Segmento
x,b,o,b,b,o,x,x,o,negative,Sin Segmento
x,b,b,x,x,b,o,o,o,negative,Sin Segmento
x,b,b,x,b,x,o,o,o,negative,Sin Segmento
x,b,b,o,o,o,x,x,b,negative,Sin Segmento
x,b,b,o,o,o,x,b,x,negative,Sin Segmento
x,b,b,o,o,o,b,x,x,negative,Sin Segmento
x,b,b,b,x,x,o,o,o,negative,Sin Segmento
o,x,x,x,x,b,o,o,o,negative,Sin Segmento
o,x,x,x,o,x,o,b,o,negative,Sin Segmento
o,x,x,x,o,x,b,o,o,negative,Sin Segmento
o,x,x,x,o,o,x,b,o,negative,Sin Segmento
o,x,x,x,o,o,b,x,o,negative,Sin Segmento
o,x,x,x,o,b,x,o,o,negative,Sin Segmento
o,x,x,x,o,b,o,x,o,negative,Sin Segmento
o,x,x,x,o,b,b,b,o,negative,Sin Segmento
o,x,x,x,b,x,o,o,o,negative,Sin Segmento
o,x,x,o,x,x,o,o,b,negative,Sin Segmento
o,x,x,o,x,x,o,b,o,negative,Sin Segmento
o,x,x,o,x,o,o,b,x,negative,Sin Segmento
o,x,x,o,x,b,o,o,x,negative,Sin Segmento
o,x,x,o,x,b,o,b,b,negative,Sin Segmento
o,x,x,o,o,x,x,b,o,negative,Sin Segmento
o,x,x,o,o,x,o,x,b,negative,Sin Segmento
o,x,x,o,o,x,b,x,o,negative,Sin Segmento
o,x,x,o,o,o,x,x,b,negative,Sin Segmento
o,x,x,o,o,o,x,b,x,negative,Sin Segmento
o,x,x,o,o,o,b,x,x,negative,Sin Segmento
o,x,x,o,o,b,x,x,o,negative,Sin Segmento
o,x,x,o,o,b,o,x,x,negative,Sin Segmento
o,x,x,o,b,x,o,x,o,negative,Sin Segmento
o,x,x,o,b,x,o,b,b,negative,Sin Segmento
o,x,x,o,b,o,o,x,x,negative,Sin Segmento
o,x,x,o,b,b,o,x,b,negative,Sin Segmento
o,x,x,o,b,b,o,b,x,negative,Sin Segmento
o,x,x,b,x,x,o,o,o,negative,Sin Segmento
o,x,x,b,o,x,x,o,o,negative,Sin Segmento
o,x,x,b,o,x,o,x,o,negative,Sin Segmento
o,x,x,b,o,x,b,b,o,negative,Sin Segmento
o,x,x,b,o,o,x,x,o,negative,Sin Segmento
o,x,x,b,o,b,x,b,o,negative,Sin Segmento
o,x,x,b,o,b,b,x,o,negative,Sin Segmento
o,x,o,x,x,o,x,b,o,negative,Sin Segmento
o,x,o,x,o,x,x,b,o,negative,Sin Segmento
o,x,o,x,o,x,o,x,b,negative,Sin Segmento
o,x,o,x,o,x,o,b,x,negative,Sin Segmento
o,x,o,x,o,x,b,x,o,negative,Sin Segmento
o,x,o,x,o,b,x,x,o,negative,Sin Segmento
o,x,o,x,o,b,o,x,x,negative,Sin Segmento
o,x,o,x,b,o,x,x,o,negative,Sin Segmento
o,x,o,o,x,x,o,b,x,negative,Sin Segmento
o,x,o,o,b,x,o,x,x,negative,Sin Segmento
o,x,o,b,o,x,x,x,o,negative,Sin Segmento
o,x,o,b,o,x,o,x,x,negative,Sin Segmento
o,x,b,x,o,x,x,o,o,negative,Sin Segmento
o,x,b,x,o,x,o,x,o,negative,Sin Segmento
o,x,b,x,o,x,b,b,o,negative,Sin Segmento
o,x,b,x,o,o,x,x,o,negative,Sin Segmento
o,x,b,x,o,b,x,b,o,negative,Sin Segmento
o,x,b,x,o,b,b,x,o,negative,Sin Segmento
o,x,b,o,x,x,o,o,x,negative,Sin Segmento
o,x,b,o,x,x,o,b,b,negative,Sin Segmento
o,x,b,o,x,b,o,b,x,negative,Sin Segmento
o,x,b,o,o,x,x,x,o,negative,Sin Segmento
o,x,b,o,o,x,o,x,x,negative,Sin Segmento
o,x,b,o,b,x,o,x,b,negative,Sin Segmento
o,x,b,o,b,x,o,b,x,negative,Sin Segmento
o,x,b,o,b,b,o,x,x,negative,Sin Segmento
o,x,b,b,o,x,x,b,o,negative,Sin Segmento
o,x,b,b,o,x,b,x,o,negative,Sin Segmento
o,x,b,b,o,b,x,x,o,negative,Sin Segmento
o,o,x,x,o,x,x,o,b,negative,Sin Segmento
o,o,x,x,o,x,x,b,o,negative,Sin Segmento
o,o,x,x,o,x,b,x,o,negative,Sin Segmento
o,o,x,x,o,b,x,x,o,negative,Sin Segmento
o,o,x,x,o,b,x,o,x,negative,Sin Segmento
o,o,x,o,x,x,o,x,b,negative,Sin Segmento
o,o,x,o,x,b,o,x,x,negative,Sin Segmento
o,o,x,b,o,x,x,x,o,negative,Sin Segmento
o,o,o,x,x,o,x,x,b,negative,Sin Segmento
o,o,o,x,x,o,x,b,x,negative,Sin Segmento
o,o,o,x,x,o,b,x,x,negative,Sin Segmento
o,o,o,x,x,b,x,x,o,negative,Sin Segmento
o,o,o,x,x,b,x,o,x,negative,Sin Segmento
o,o,o,x,x,b,x,b,b,negative,Sin Segmento
o,o,o,x,x,b,o,x,x,negative,Sin Segmento
o,o,o,x,x,b,b,x,b,negative,Sin Segmento
o,o,o,x,x,b,b,b,x,negative,Sin Segmento
o,o,o,x,o,x,x,x,b,negative,Sin Segmento
o,o,o,x,o,x,x,b,x,negative,Sin Segmento
o,o,o,x,o,x,b,x,x,negative,Sin Segmento
o,o,o,x,b,x,x,x,o,negative,Sin Segmento
o,o,o,x,b,x,x,o,x,negative,Sin Segmento
o,o,o,x,b,x,x,b,b,negative,Sin Segmento
o,o,o,x,b,x,o,x,x,negative,Sin Segmento
o,o,o,x,b,x,b,x,b,negative,Sin Segmento
o,o,o,x,b,x,b,b,x,negative,Sin Segmento
o,o,o,x,b,b,x,x,b,negative,Sin Segmento
o,o,o,x,b,b,x,b,x,negative,Sin Segmento
o,o,o,x,b,b,b,x,x,negative,Sin Segmento
o,o,o,o,x,x,x,x,b,negative,Sin Segmento
o,o,o,o,x,x,x,b,x,negative,Sin Segmento
o,o,o,o,x,x,b,x,x,negative,Sin Segmento
o,o,o,b,x,x,x,x,o,negative,Sin Segmento
o,o,o,b,x,x,x,o,x,negative,Sin Segmento
o,o,o,b,x,x,x,b,b,negative,Sin Segmento
o,o,o,b,x,x,o,x,x,negative,Sin Segmento
o,o,o,b,x,x,b,x,b,negative,Sin Segmento
o,o,o,b,x,x,b,b,x,negative,Sin Segmento
o,o,o,b,x,b,x,x,b,negative,Sin Segmento
o,o,o,b,x,b,x,b,x,negative,Sin Segmento
o,o,o,b,x,b,b,x,x,negative,Sin Segmento
o,o,o,b,b,x,x,x,b,negative,Sin Segmento
o,o,o,b,b,x,x,b,x,negative,Sin Segmento
o,o,o,b,b,x,b,x,x,negative,Sin Segmento
o,o,b,x,o,x,x,x,o,negative,Sin Segmento
o,o,b,x,o,x,x,o,x,negative,Sin Segmento
o,o,b,o,x,x,o,x,x,negative,Sin Segmento
o,b,x,x,o,x,x,o,o,negative,Sin Segmento
o,b,x,x,o,x,o,x,o,negative,Sin Segmento
o,b,x,x,o,x,b,b,o,negative,Sin Segmento
o,b,x,x,o,o,x,x,o,negative,Sin Segmento
o,b,x,x,o,b,x,b,o,negative,Sin Segmento
o,b,x,x,o,b,b,x,o,negative,Sin Segmento
o,b,x,o,x,x,o,x,o,negative,Sin Segmento
o,b,x,o,x,x,o,b,b,negative,Sin Segmento
o,b,x,o,x,o,o,x,x,negative,Sin Segmento
o,b,x,o,x,b,o,x,b,negative,Sin Segmento
o,b,x,o,x,b,o,b,x,negative,Sin Segmento
o,b,x,o,o,x,x,x,o,negative,Sin Segmento
o,b,x,o,b,x,o,x,b,negative,Sin Segmento
o,b,x,o,b,b,o,x,x,negative,Sin Segmento
o,b,x,b,o,x,x,b,o,negative,Sin Segmento
o,b,x,b,o,x,b,x,o,negative,Sin Segmento
o,b,x,b,o,b,x,x,o,negative,Sin Segmento
o,b,o,x,x,o,x,x,o,negative,Sin Segmento
o,b,o,x,o,x,x,x,o,negative,Sin Segmento
o,b,o,x,o,x,o,x,x,negative,Sin Segmento
o,b,o,o,x,x,o,x,x,negative,Sin Segmento
o,b,b,x,o,x,x,b,o,negative,Sin Segmento
o,b,b,x,o,x,b,x,o,negative,Sin Segmento
o,b,b,x,o,b,x,x,o,negative,Sin Segmento
o,b,b,o,x,x,o,x,b,negative,Sin Segmento
o,b,b,o,x,x,o,b,x,negative,Sin Segmento
o,b,b,o,x,b,o,x,x,negative,Sin Segmento
o,b,b,o,b,x,o,x,x,negative,Sin Segmento
o,b,b,b,o,x,x,x,o,negative,Sin Segmento
b,x,x,x,x,o,o,o,o,negative,Sin Segmento
b,x,x,x,o,x,o,o,o,negative,Sin Segmento
b,x,x,x,b,b,o,o,o,negative,Sin Segmento
b,x,x,o,x,x,o,o,o,negative,Sin Segmento
b,x,x,o,o,o,x,x,o,negative,Sin Segmento
b,x,x,o,o,o,x,o,x,negative,Sin Segmento
b,x,x,o,o,o,x,b,b,negative,Sin Segmento
b,x,x,o,o,o,o,x,x,negative,Sin Segmento
b,x,x,o,o,o,b,x,b,negative,Sin Segmento
b,x,x,o,o,o,b,b,x,negative,Sin Segmento
b,x,x,b,x,b,o,o,o,negative,Sin Segmento
b,x,x,b,b,x,o,o,o,negative,Sin Segmento
b,x,o,x,x,o,x,o,o,negative,Sin Segmento
b,x,o,x,x,o,b,b,o,negative,Sin Segmento
b,x,o,x,o,x,o,x,o,negative,Sin Segmento
b,x,o,x,o,x,o,o,x,negative,Sin Segmento
b,x,o,x,o,x,o,b,b,negative,Sin Segmento
b,x,o,x,o,o,x,x,o,negative,Sin Segmento
b,x,o,x,o,o,o,x,x,negative,Sin Segmento
b,x,o,x,o,b,o,x,b,negative,Sin Segmento
b,x,o,x,o,b,o,b,x,negative,Sin Segmento
b,x,o,x,b,o,x,b,o,negative,Sin Segmento
b,x,o,x,b,o,b,x,o,negative,Sin Segmento
b,x,o,o,o,x,o,x,x,negative,Sin Segmento
b,x,o,b,x,o,x,b,o,negative,Sin Segmento
b,x,o,b,o,x,o,x,b,negative,Sin Segmento
b,x,o,b,o,x,o,b,x,negative,Sin Segmento
b,x,o,b,o,b,o,x,x,negative,Sin Segmento
b,x,o,b,b,o,x,x,o,negative,Sin Segmento
b,x,b,x,x,b,o,o,o,negative,Sin Segmento
b,x,b,x,b,x,o,o,o,negative,Sin Segmento
b,x,b,o,o,o,x,x,b,negative,Sin Segmento
b,x,b,o,o,o,x,b,x,negative,Sin Segmento
b,x,b,o,o,o,b,x,x,negative,Sin Segmento
b,x,b,b,x,x,o,o,o,negative,Sin Segmento
b,o,x,x,o,x,x,o,o,negative,Sin Segmento
b,o,x,x,o,x,b,o,b,negative,Sin Segmento
b,o,x,x,o,o,x,o,x,negative,Sin Segmento
b,o,x,x,o,b,x,o,b,negative,Sin Segmento
b,o,x,x,o,b,b,o,x,negative,Sin Segmento
b,o,x,b,o,x,x,o,b,negative,Sin Segmento
b,o,x,b,o,b,x,o,x,negative,Sin Segmento
b,o,o,x,x,o,x,x,o,negative,Sin Segmento
b,o,o,x,o,x,x,o,x,negative,Sin Segmento
b,o,o,x,o,x,o,x,x,negative,Sin Segmento
b,o,b,x,o,x,x,o,b,negative,Sin Segmento
b,o,b,x,o,x,b,o,x,negative,Sin Segmento
b,o,b,x,o,b,x,o,x,negative,Sin Segmento
b,o,b,b,o,x,x,o,x,negative,Sin Segmento
b,b,x,x,x,b,o,o,o,negative,Sin Segmento
b,b,x,x,b,x,o,o,o,negative,Sin Segmento
b,b,x,o,o,o,x,x,b,negative,Sin Segmento
b,b,x,o,o,o,x,b,x,negative,Sin Segmento
b,b,x,o,o,o,b,x,x,negative,Sin Segmento
b,b,x,b,x,x,o,o,o,negative,Sin Segmento
b,b,o,x,x,o,x,b,o,negative,Sin Segmento
b,b,o,x,x,o,b,x,o,negative,Sin Segmento
b,b,o,x,o,x,o,x,b,negative,Sin Segmento
b,b,o,x,o,x,o,b,x,negative,Sin Segmento
b,b,o,x,o,b,o,x,x,negative,Sin Segmento
b,b,o,x,b,o,x,x,o,negative,Sin Segmento
b,b,o,b,x,o,x,x,o,negative,Sin Segmento
b,b,o,b,o,x,o,x,x,negative,Sin Segmento
x,x,o,o,x,x,x,o,o,negative,Sin Segmento
x,x,o,o,o,x,x,x,o,negative,Sin Segmento
x,x,o,o,o,x,x,o,x,negative,Sin Segmento
x,o,x,x,x,o,o,x,o,negative,Sin Segmento
x,o,x,x,o,x,o,x,o,negative,Sin Segmento
x,o,x,x,o,o,o,x,x,negative,Sin Segmento
x,o,x,o,x,x,o,x,o,negative,Sin Segmento
x,o,x,o,o,x,x,x,o,negative,Sin Segmento
x,o,o,o,x,x,x,x,o,negative,Sin Segmento
o,x,x,x,x,o,o,o,x,negative,Sin Segmento
o,x,x,x,o,o,x,o,x,negative,Sin Segmento
o,x,x,x,o,o,o,x,x,negative,Sin Segmento
o,x,o,x,x,o,x,o,x,negative,Sin Segmento
o,x,o,x,o,x,x,o,x,negative,Sin Segmento
o,x,o,o,x,x,x,o,x,negative,Sin Segmento
o,o,x,x,x,o,o,x,x,negative,Sin Segmento
